,title,description,published date,url,publisher,translation,sentiment,Sentiment Class,Date
18,【関西 令和５年の展望】津波避難タワー、ドローン活用、ＡＩで災害情報把握 災害その時に備えて - 産経ニュース,【関西 令和５年の展望】津波避難タワー、ドローン活用、ＡＩで災害情報把握 災害その時に備えて  産経ニュース,"Tue, 03 Jan 2023 01:30:00 GMT",https://www.sankei.com/article/20230103-ATKMBFWSBNM7HMG2DLZH5TA3FE/,"{'href': 'https://www.sankei.com', 'title': '産経ニュース'}","[Observation of 5 years in Kansai Order] Tsunami Evacuation Tower, Drone Utilization, AI Disaster Information In preparation for disasters - Sankei News",0.0,neutral,2023-01-03
23,最初から諦めたくなる“最凶”難易度!? JR三江線代替バス!! - ベストカー,最初から諦めたくなる“最凶”難易度!? JR三江線代替バス!!  ベストカー,"Tue, 03 Jan 2023 02:00:00 GMT",https://busmagazine.bestcarweb.jp/feature/bus-information/174473,"{'href': 'https://busmagazine.bestcarweb.jp', 'title': 'ベストカー'}","The ""most evil"" difficulty that makes you want to give up from the beginning!? JR Mie Line Alternative Bus !! - Best Car",0.16666666666666666,positive,2023-01-03
47,日本にも存在「破局噴火」で壊滅リスクある火山6つ 住民の大量死や ... - Yahoo!ファイナンス,日本にも存在「破局噴火」で壊滅リスクある火山6つ 住民の大量死や ...  Yahoo!ファイナンス,"Mon, 02 Jan 2023 06:01:00 GMT",https://finance.yahoo.co.jp/news/detail/20230102-00642292-toyo-column,"{'href': 'https://finance.yahoo.co.jp', 'title': 'Yahoo!ファイナンス'}","There are six volcanoes that are risky due to the ""catastrophe eruption"" in Japan, and the mass death of the residents ... --Yahoo! Finance",-0.15625,negative,2023-01-02
22,初夢 - 佐賀新聞,初夢  佐賀新聞,"Mon, 02 Jan 2023 20:15:00 GMT",https://www.saga-s.co.jp/articles/-/970755,"{'href': 'https://www.saga-s.co.jp', 'title': '佐賀新聞'}",Hatsume -Saga Shimbun,0.0,neutral,2023-01-02
7,23年に損保3大グループが直面する「懸案事項」、リストラと代理店改革で“春遠し” - ダイヤモンド・オンライン,23年に損保3大グループが直面する「懸案事項」、リストラと代理店改革で“春遠し”  ダイヤモンド・オンライン,"Mon, 02 Jan 2023 20:15:00 GMT",https://diamond.jp/articles/-/314540,"{'href': 'https://diamond.jp', 'title': 'ダイヤモンド・オンライン'}","""Points"" facing the three major groups of non -life insurance in 2013, ""Spring Reflection"" in restructuring and agency reforms - Diamond Online",0.0625,positive,2023-01-02
13,ミサイル、ドローン落下、PCの液晶割れはどこまで補償される？保険会社 ... - @DIME,ミサイル、ドローン落下、PCの液晶割れはどこまで補償される？保険会社 ...  @DIME,"Mon, 02 Jan 2023 22:25:09 GMT",https://dime.jp/genre/1522849/,"{'href': 'https://dime.jp', 'title': '@DIME'}","How much missile, drone falling, or PC LCD cracks are compensated? Insurance company ... - @Dime",0.2,positive,2023-01-02
21,年頭所感 | 企業・IR - softbank.jp,年頭所感 | 企業・IR  softbank.jp,"Sun, 01 Jan 2023 00:34:52 GMT",https://www.softbank.jp/corp/news/press/sbkk/2023/20230101_01/,"{'href': 'https://www.softbank.jp', 'title': 'softbank.jp'}",Feeling in the year | Company / IR --Softbank.jp,0.0,neutral,2023-01-01
42,2023年運勢占いがもれなく当たる！Love Me Doの占い お正月 ... - PR TIMES,2023年運勢占いがもれなく当たる！Love Me Doの占い お正月 ...  PR TIMES,"Sun, 01 Jan 2023 02:00:02 GMT",https://prtimes.jp/main/html/rd/p/000000305.000076132.html,"{'href': 'https://prtimes.jp', 'title': 'PR TIMES'}",2023 Fortune -telling hits without excess! Love Me Do Fortune -telling New Year ... --PR TIMES,0.3181818181818182,positive,2023-01-01
26,バルマン 2023年春夏メンズコレクション - “再生”をもたらす大胆さ ... - Fashion Press,バルマン 2023年春夏メンズコレクション - “再生”をもたらす大胆さ ...  Fashion Press,"Sun, 01 Jan 2023 15:30:00 GMT",https://www.fashion-press.net/news/97562,"{'href': 'https://www.fashion-press.net', 'title': 'Fashion Press'}","Balman Spring / Summer 2023 Men's Collection -Boldness to bring ""playback"" ... --Fashion Press",0.0,neutral,2023-01-01
27,希望のせて 行く年２０２２ 被災地に希望と活力運ぶ - 福島民報,希望のせて 行く年２０２２ 被災地に希望と活力運ぶ  福島民報,"Sat, 31 Dec 2022 00:40:00 GMT",https://www.minpo.jp/news/moredetail/20221231103691,"{'href': 'https://www.minpo.jp', 'title': '福島民報'}",Hope and vitality to the stricken area of ​​the year 2022,0.0,neutral,2022-12-31
38,2023年 HTB開局55周年！ - SODANE,2023年 HTB開局55周年！  SODANE,"Sat, 31 Dec 2022 15:44:20 GMT",https://sodane.hokkaido.jp/news/202301010000002940.html,"{'href': 'https://sodane.hokkaido.jp', 'title': 'SODANE'}",2023 HTB 55th anniversary! -Sodane,0.0,neutral,2022-12-31
20,令和5年1月阪神南県民センター長メッセージ - hyogo.lg.jp,令和5年1月阪神南県民センター長メッセージ  hyogo.lg.jp,"Sat, 31 Dec 2022 15:14:35 GMT",https://web.pref.hyogo.lg.jp/hsk08/s_hanshin/hsk-messege0501.html,"{'href': 'https://web.pref.hyogo.lg.jp', 'title': 'hyogo.lg.jp'}","Towa January 5th, Hanshin Minami Prefectural Citizens Center Director -Hyogo.lg.jp",-0.1,negative,2022-12-31
34,激動の2022年を振り返る……ウクライナ侵攻から気候変動、抗議 ... - WEDGE Infinity,激動の2022年を振り返る……ウクライナ侵攻から気候変動、抗議 ...  WEDGE Infinity,"Sat, 31 Dec 2022 13:28:59 GMT",https://wedge.ismedia.jp/articles/-/29014,"{'href': 'https://wedge.ismedia.jp', 'title': 'WEDGE Infinity'}","Looking back on the turbulent 2022 ... Ukrainian invasion to climate change, protest ... - Wedge Infinity",0.0,neutral,2022-12-31
36,つなぐ東北・１００年先へ：／1 伝統と革新、未来へ飛躍 山形出身 俳優 ... - 毎日新聞,つなぐ東北・１００年先へ：／1 伝統と革新、未来へ飛躍 山形出身 俳優 ...  毎日新聞,"Sat, 31 Dec 2022 20:15:58 GMT",https://mainichi.jp/articles/20230101/ddl/k02/040/028000c,"{'href': 'https://mainichi.jp', 'title': '毎日新聞'}","Connected Tohoku / 100 years from 100 years: / 1 Traditional and Leather New, Low to the Future Yamagata actor ... - Mainichi Shimbun",-0.022727272727272728,negative,2022-12-31
45,【紅白】桑田佳祐、同学年ＳＰバンドでのメッセージ曲テレビ初 ... - スポーツ報知,【紅白】桑田佳祐、同学年ＳＰバンドでのメッセージ曲テレビ初 ...  スポーツ報知,"Sat, 31 Dec 2022 14:36:00 GMT",https://hochi.news/articles/20221231-OHT1T51232.html,"{'href': 'https://hochi.news', 'title': 'スポーツ報知'}","[Red and White] Keisuke Kuwata, the first message song on the SP band in the same grade ... --Sports news",0.0625,positive,2022-12-31
33,「新しい年が希望を持って歩むことのできる年となることを祈る ... - TBS NEWS DIG Powered by JNN,「新しい年が希望を持って歩むことのできる年となることを祈る ...  TBS NEWS DIG Powered by JNN,"Sat, 31 Dec 2022 15:06:57 GMT",https://newsdig.tbs.co.jp/articles/-/258459,"{'href': 'https://newsdig.tbs.co.jp', 'title': 'TBS NEWS DIG Powered by JNN'}","""I pray that a new year will be a year where you can walk with hope ... --TBS News Dig Powered by JNN",0.13636363636363635,positive,2022-12-31
32,アウンサンスーチー氏の裁判が終結 服役期間は計33年に 起訴内容は ... - 東京新聞,アウンサンスーチー氏の裁判が終結 服役期間は計33年に 起訴内容は ...  東京新聞,"Fri, 30 Dec 2022 11:06:38 GMT",https://www.tokyo-np.co.jp/article/222920,"{'href': 'https://www.tokyo-np.co.jp', 'title': '東京新聞'}",The trial of Aung San Sougi ends the prison period for 33 years ... --The accusation of the Tokyo Shimbun.,0.0,neutral,2022-12-30
31,大雪被害で中小・小規模事業者の資金相談を受け付け：新潟県 | 支援 ... - J-Net21,大雪被害で中小・小規模事業者の資金相談を受け付け：新潟県 | 支援 ...  J-Net21,"Wed, 28 Dec 2022 05:49:27 GMT",https://j-net21.smrj.go.jp/news/bg5m450000001715.html,"{'href': 'https://j-net21.smrj.go.jp', 'title': 'J-Net21'}",Accepted financial consultation for small and medium -sized businesses due to heavy snowfall: Niigata Prefecture | Support ... - J -Net21,-0.14375,negative,2022-12-28
35,気候革命：火災保険、値上げ増（その2止） 災害激甚化に損保悲鳴 - 毎日新聞,気候革命：火災保険、値上げ増（その2止） 災害激甚化に損保悲鳴  毎日新聞,"Wed, 28 Dec 2022 17:01:14 GMT",https://mainichi.jp/articles/20221229/ddm/003/040/134000c,"{'href': 'https://mainichi.jp', 'title': '毎日新聞'}","Climate Revolution: Fire Insurance, Price Raise (Part 2) Inspired by the disaster -Mainichi Shimbun",0.0,neutral,2022-12-28
0,「大雪に関する農林水産省緊急自然災害対策本部」（第2回）の ... - 農林水産省,「大雪に関する農林水産省緊急自然災害対策本部」（第2回）の ...  農林水産省,"Wed, 28 Dec 2022 01:34:10 GMT",https://www.maff.go.jp/j/press/kanbo/bunsyo/saigai/221228.html,"{'href': 'https://www.maff.go.jp', 'title': '農林水産省'}","The Ministry of Agriculture, Forestry and Fisheries from the ""Ministry of Agriculture, Forestry and Fisheries Emergency Natural Disaster Countermeasures Headquarters"" (2nd) ...",0.05,positive,2022-12-28
8,損保ジャパンとSpeee 業務提携を開始 ～大規模自然災害からの早期 ... - PR TIMES,損保ジャパンとSpeee 業務提携を開始 ～大規模自然災害からの早期 ...  PR TIMES,"Wed, 28 Dec 2022 03:30:01 GMT",https://prtimes.jp/main/html/rd/p/000000241.000078307.html,"{'href': 'https://prtimes.jp', 'title': 'PR TIMES'}",Started Sompo Japan and SPEEE business alliance -early from large -scale natural disasters ... --PR TIMES,0.13809523809523808,positive,2022-12-28
30,「災害の証拠」残さねば 豪雨に強い街へ生まれ変わるために：朝日 ... - 朝日新聞デジタル,「災害の証拠」残さねば 豪雨に強い街へ生まれ変わるために：朝日 ...  朝日新聞デジタル,"Tue, 27 Dec 2022 11:10:47 GMT",https://www.asahi.com/articles/ASQDW6R09QDGPITB00N.html,"{'href': 'https://www.asahi.com', 'title': '朝日新聞デジタル'}","""Evidence of disaster"" To be reborn into a city that is resistant to heavy rains: Asahi ... --Asahi Shimbun Digital",-0.1,negative,2022-12-27
29,地球環境問題 回顧と展望 多発した自然災害 「気候地獄」との言葉 ... - 中部経済新聞,地球環境問題 回顧と展望 多発した自然災害 「気候地獄」との言葉 ...  中部経済新聞,"Tue, 27 Dec 2022 20:17:24 GMT",https://www.chukei-news.co.jp/news/2022/12/28/OK0002212280701_01/,"{'href': 'https://www.chukei-news.co.jp', 'title': '中部経済新聞'}","Words of recall global environmental issues and prospects of the natural disaster ""climate hell"" ... --The Chubu Keizai Shimbun",0.05,positive,2022-12-27
40,【第33回】崩壊地を貫く小谷村の大糸線、復活した国界橋｜地図 ... - 信濃毎日新聞デジタル,【第33回】崩壊地を貫く小谷村の大糸線、復活した国界橋｜地図 ...  信濃毎日新聞デジタル,"Tue, 27 Dec 2022 02:37:42 GMT",https://www.shinmai.co.jp/feature/bookweb/chizukarashinshu/2022/12/261356-1.html,"{'href': 'https://www.shinmai.co.jp', 'title': '信濃毎日新聞デジタル'}","[33rd] Oto Line in Kotani Village, which penetrates the collapse area, a revived national bridge |",0.0,neutral,2022-12-27
1,～企業の社会貢献取組を支援～「商圏内自然災害リスク分析 ... - インターリスク総研,～企業の社会貢献取組を支援～「商圏内自然災害リスク分析 ...  インターリスク総研,"Mon, 26 Dec 2022 02:01:05 GMT",https://www.irric.co.jp/topics/press/2022/1226.php,"{'href': 'https://www.irric.co.jp', 'title': 'インターリスク総研'}","~ Supporting corporate social contribution initiatives -""Inside the trade area, natural disaster risk analysis ... --Stan Risk Research Institute",0.09583333333333333,positive,2022-12-26
37,避難訓練を実証実験の場に 大学と4人の学生の取組み／お知らせ ... - 神奈川大学,避難訓練を実証実験の場に 大学と4人の学生の取組み／お知らせ ...  神奈川大学,"Mon, 26 Dec 2022 00:40:06 GMT",https://www.kanagawa-u.ac.jp/news/details_26137.html,"{'href': 'https://www.kanagawa-u.ac.jp', 'title': '神奈川大学'}",Evasions of universities and 4 students in the demonstration experiment / announcement ... - Kanagawa University,0.0,neutral,2022-12-26
10,２３年度開発予算５７０５億円確保 幅広い自然災害に対応：北海道新聞 どうしん電子版 - 北海道新聞,２３年度開発予算５７０５億円確保 幅広い自然災害に対応：北海道新聞 どうしん電子版  北海道新聞,"Fri, 23 Dec 2022 13:21:00 GMT",https://www.hokkaido-np.co.jp/article/780044,"{'href': 'https://www.hokkaido-np.co.jp', 'title': '北海道新聞'}",FY2013 Development Budget 570 billion yen Ensured a wide range of natural disasters: Hokkaido Newspaper Delicious Version -Hokkaido Shimbun,0.3333333333333333,positive,2022-12-23
2,「TOKYO強靭化プロジェクト」都が公表 5つの自然災害に対応[2022 ... - テレビ朝日,「TOKYO強靭化プロジェクト」都が公表 5つの自然災害に対応[2022 ...  テレビ朝日,"Fri, 23 Dec 2022 08:00:00 GMT",https://news.tv-asahi.co.jp/news_society/articles/000281053.html,"{'href': 'https://news.tv-asahi.co.jp', 'title': 'テレビ朝日'}","""TOKYO Strengthening Project"" Metropolitan Government is published 5 Natural Disasters [2022 ... - TV Asahi",0.1,positive,2022-12-23
6,「大雪に関する農林水産省緊急自然災害対策本部」の持ち回り開催 ... - 農林水産省,「大雪に関する農林水産省緊急自然災害対策本部」の持ち回り開催 ...  農林水産省,"Thu, 22 Dec 2022 08:00:00 GMT",https://www.maff.go.jp/j/press/kanbo/bunsyo/saigai/221222.html,"{'href': 'https://www.maff.go.jp', 'title': '農林水産省'}","""Ministry of Agriculture, Forestry and Fisheries about heavy snowfall, emergency natural disaster countermeasures Headquarters"" held ... --Minplasty, Agriculture, Forestry and Fisheries",-0.05,negative,2022-12-22
9,「自然災害で誰ひとり命を失わない町を」 岩手・山田 小学生が防災 ... - 河北新報オンライン,「自然災害で誰ひとり命を失わない町を」 岩手・山田 小学生が防災 ...  河北新報オンライン,"Wed, 21 Dec 2022 08:00:00 GMT",https://kahoku.news/articles/20221220khn000321.html,"{'href': 'https://kahoku.news', 'title': '河北新報オンライン'}","""A town where nobody loses lives in a natural disaster"" Iwate / Yamada elementary school students disaster prevention ... --Hehoku Shinpo Online",0.03333333333333333,positive,2022-12-21
16,令和4年12月17日からの大雪による災害等への対応について | 2022年 - 一般社団法人 全国銀行協会,令和4年12月17日からの大雪による災害等への対応について | 2022年  一般社団法人 全国銀行協会,"Tue, 20 Dec 2022 08:00:00 GMT",https://www.zenginkyo.or.jp/news/2022/n122001/,"{'href': 'https://www.zenginkyo.or.jp', 'title': '一般社団法人 全国銀行協会'}","Commander Response to disasters due to heavy snow from December 17, 4th | 2022 -National Banking Association",-0.1625,negative,2022-12-20
24,災害時のこころのケア｜上智大学 ウェブピロティ - 上智大学,災害時のこころのケア｜上智大学 ウェブピロティ  上智大学,"Mon, 19 Dec 2022 03:32:48 GMT",https://piloti.sophia.ac.jp/jpn/soudan/counsel/care,"{'href': 'https://piloti.sophia.ac.jp', 'title': '上智大学'}",Kokoro Care in the event of a disaster | Sophia University Web Piloti -Sophia University,0.0,neutral,2022-12-19
44,2022年 自然災害を振り返る - これまでの放送 - 明日をまもるナビ - nhk.or.jp,2022年 自然災害を振り返る - これまでの放送 - 明日をまもるナビ  nhk.or.jp,"Sun, 18 Dec 2022 08:00:00 GMT",https://www.nhk.or.jp/ashitanavi/broadcast/11225.html,"{'href': 'https://www.nhk.or.jp', 'title': 'nhk.or.jp'}",2022 Looking back on natural disasters -previous broadcasts -Navi to protect tomorrow -nhk.or.jp,-0.022222222222222216,negative,2022-12-18
41,500社以上への導入実績を誇る動画配信プラットフォーム「ULIZA ... - PR TIMES,500社以上への導入実績を誇る動画配信プラットフォーム「ULIZA ...  PR TIMES,"Thu, 15 Dec 2022 08:00:00 GMT",https://prtimes.jp/main/html/rd/p/000000017.000048688.html,"{'href': 'https://prtimes.jp', 'title': 'PR TIMES'}","Video distribution platform ""ULIZA ... --PR TIMES",0.0,neutral,2022-12-15
15,MS&ADが6300人削減 市場縮小、自然災害増加が重荷 - 財界オンライン,MS&ADが6300人削減 市場縮小、自然災害増加が重荷  財界オンライン,"Thu, 15 Dec 2022 08:00:00 GMT",https://www.zaikai.jp/articles/detail/2258,"{'href': 'https://www.zaikai.jp', 'title': '財界オンライン'}","MS & AD reduced 6300 reduction market reductions, increasing natural disasters online -business world Online",0.1,positive,2022-12-15
3,国土地理院公開の自然災害伝承碑情報 宍粟市内の全3基登録へ - 神戸新聞NEXT,国土地理院公開の自然災害伝承碑情報 宍粟市内の全3基登録へ  神戸新聞NEXT,"Wed, 14 Dec 2022 08:00:00 GMT",https://www.kobe-np.co.jp/news/seiban/202212/0015888627.shtml,"{'href': 'https://www.kobe-np.co.jp', 'title': '神戸新聞NEXT'}",Geographical Survey Institute Published Natural Disaster Tradition Monument To all 3 registration in Shiso City -Kobe Shimbun NEXT,0.05,positive,2022-12-14
17,2022年に起きた自然災害の振り返りとともに学ぶ、意外と知らない ... - 時事通信ニュース,2022年に起きた自然災害の振り返りとともに学ぶ、意外と知らない ...  時事通信ニュース,"Tue, 13 Dec 2022 08:00:00 GMT",https://www.jiji.com/jc/article?k=000000018.000063966&g=prt,"{'href': 'https://www.jiji.com', 'title': '時事通信ニュース'}","I learned with the reflection of the natural disaster that occurred in 2022, and I don't know ...",0.1,positive,2022-12-13
25,逗子市長選 自然災害、在日米軍、財政…課題を追う 連載「選択 ２０２２ ... - カナロコ by 神奈川新聞,逗子市長選 自然災害、在日米軍、財政…課題を追う 連載「選択 ２０２２ ...  カナロコ by 神奈川新聞,"Fri, 09 Dec 2022 22:58:48 GMT",https://www.kanaloco.jp/news/government/electiondata/article-955535.html,"{'href': 'https://www.kanaloco.jp', 'title': 'カナロコ by 神奈川新聞'}","Mayor of Zushi Mayor Natural Disaster, U.S. Army in Japan, Finance ... Serialization of issues ""Selection 2022 ... - Kanaroko by Kanagawa Shimbun",0.1,positive,2022-12-09
4,2022年に起きた自然災害の振り返りとともに学ぶ、意外と知らない ... - PR TIMES,2022年に起きた自然災害の振り返りとともに学ぶ、意外と知らない ...  PR TIMES,"Fri, 09 Dec 2022 08:00:00 GMT",https://prtimes.jp/main/html/rd/p/000000018.000063966.html,"{'href': 'https://prtimes.jp', 'title': 'PR TIMES'}","I learned with the reflection of the natural disaster that occurred in 2022, and I don't know ... --PR TIMES",0.1,positive,2022-12-09
14,皇后雅子さま、59歳に コロナ禍や自然災害発生に「心が痛む」 - 毎日新聞,皇后雅子さま、59歳に コロナ禍や自然災害発生に「心が痛む」  毎日新聞,"Fri, 09 Dec 2022 08:00:00 GMT",https://mainichi.jp/articles/20221208/k00/00m/040/326000c,"{'href': 'https://mainichi.jp', 'title': '毎日新聞'}","Empress Masako, ""I hurt my heart"" for the corona and natural disaster at the age of 59 -Mainichi Shimbun",0.1,positive,2022-12-09
39,今、映画『すずめの戸締まり』を作る理由 監督・新海誠インタビュー② - Febri,今、映画『すずめの戸締まり』を作る理由 監督・新海誠インタビュー②  Febri,"Fri, 09 Dec 2022 08:00:00 GMT",https://febri.jp/topics/suzumeno-tojimari2/,"{'href': 'https://febri.jp', 'title': 'Febri'}","Reasons for making the movie ""Sparrow -ups closing"", Makoto Shinkai, an interview",0.0,neutral,2022-12-09
19,２０２２逗子の選択 絶景にひそむ自然災害の危うさ 逗子市長選 - カナロコ by 神奈川新聞,２０２２逗子の選択 絶景にひそむ自然災害の危うさ 逗子市長選  カナロコ by 神奈川新聞,"Thu, 08 Dec 2022 08:00:00 GMT",https://www.kanaloco.jp/news/government/electiondata/article-955036.html,"{'href': 'https://www.kanaloco.jp', 'title': 'カナロコ by 神奈川新聞'}",2022 Selection of Zushi Hanging in the superb view of natural disasters Zushi mayor -Kanaroko by Kanagawa Shimbun,0.55,positive,2022-12-08
5,世界一自然災害リスクの低いカタールを竜巻が襲う W杯への影響は？ - Newsweekjapan,世界一自然災害リスクの低いカタールを竜巻が襲う W杯への影響は？  Newsweekjapan,"Thu, 08 Dec 2022 08:00:00 GMT",https://www.newsweekjapan.jp/stories/world/2022/12/w-23.php,"{'href': 'https://www.newsweekjapan.jp', 'title': 'Newsweekjapan'}","What is the impact on the World Cup where the tornado attacks Qatar, which has the lowest natural disaster risk in the world? -NEWSWEEKJAPAN",0.1,positive,2022-12-08
11,「ハザードマップ充実を」急増 自然災害対策で世論調査 内閣府 ... - 朝日新聞デジタル,「ハザードマップ充実を」急増 自然災害対策で世論調査 内閣府 ...  朝日新聞デジタル,"Thu, 08 Dec 2022 08:00:00 GMT",https://www.asahi.com/articles/DA3S15496453.html,"{'href': 'https://www.asahi.com', 'title': '朝日新聞デジタル'}","""Enhancement of hazard maps"" Public polls Cabinet Office for Natural Disaster Cabinet Office ... --A Asahi Shimbun Digital",0.03333333333333333,positive,2022-12-08
12,『日本企業の経営課題2022』調査結果速報【第4弾】BCPについて ... - PR TIMES,『日本企業の経営課題2022』調査結果速報【第4弾】BCPについて ...  PR TIMES,"Thu, 08 Dec 2022 08:00:00 GMT",https://prtimes.jp/main/html/rd/p/000000067.000016501.html,"{'href': 'https://prtimes.jp', 'title': 'PR TIMES'}","""Management issues for Japanese companies 2022"" Survey results Bulletin [4th] BCP ... --PR TIMES",0.0,neutral,2022-12-08
43,先人が伝える大切な教訓 災害の石碑、供養塔を国土地理院が集約 ... - 西日本新聞,先人が伝える大切な教訓 災害の石碑、供養塔を国土地理院が集約 ...  西日本新聞,"Wed, 07 Dec 2022 08:00:00 GMT",https://www.nishinippon.co.jp/item/n/1024903/,"{'href': 'https://www.nishinippon.co.jp', 'title': '西日本新聞'}","The Geographical Survey Institute is consolidating the memorial tower, a monument of the important lesson disaster that the predecessor conveys ... - West Nippon Shimbun",0.4,positive,2022-12-07
28,豪雨、猛暑、干ばつ…。異常気象は地球温暖化が原因？ 専門家が ... - softbank.jp,豪雨、猛暑、干ばつ…。異常気象は地球温暖化が原因？ 専門家が ...  softbank.jp,"Mon, 05 Dec 2022 08:00:00 GMT",https://www.softbank.jp/sbnews/entry/20221205_01,"{'href': 'https://www.softbank.jp', 'title': 'softbank.jp'}","Heavy rain, intense heat, drought ... Is the abnormal weather caused by global warming? Expert ... --Softbank.jp",0.0,neutral,2022-12-05
74,自然災害による県内農林水産被害５８０億円 ２０１２～今年８月 ... - 秋田魁新報電子版,自然災害による県内農林水産被害５８０億円 ２０１２～今年８月 ...  秋田魁新報電子版,"Sat, 03 Dec 2022 08:00:00 GMT",https://www.sakigake.jp/news/article/20221203AK0007/,"{'href': 'https://www.sakigake.jp', 'title': '秋田魁新報電子版'}","Agriculture, Forestry and Fisheries damage in the prefecture due to natural disaster 58 billion yen 2012 -August this year ... --Kai Akita Shimbun Electronic Version",-0.012499999999999997,negative,2022-12-03
51,自然災害に備える 嬬恋村の中学校で気象予報士の防災教室｜NHK ... - nhk.or.jp,自然災害に備える 嬬恋村の中学校で気象予報士の防災教室｜NHK ...  nhk.or.jp,"Fri, 02 Dec 2022 04:02:00 GMT",https://www3.nhk.or.jp/lnews/maebashi/20221202/1060013426.html,"{'href': 'https://www3.nhk.or.jp', 'title': 'nhk.or.jp'}",Weather forecaster's disaster prevention classroom at a junior high school in Tsumagoi Village preparing for natural disasters | NHK ... --NHK.or.jp,0.13,positive,2022-12-02
63,【論点直言 自然災害への備えは】自衛隊の災害派遣、運用に課題 元 ... - 産経ニュース,【論点直言 自然災害への備えは】自衛隊の災害派遣、運用に課題 元 ...  産経ニュース,"Sat, 29 Oct 2022 07:00:00 GMT",https://www.sankei.com/article/20221029-IKWXWX73UZID7KMX4QXZG6H3A4/,"{'href': 'https://www.sankei.com', 'title': '産経ニュース'}",[Points directly in preparation for natural disasters] Self -Defense Forces Disaster dispatch and operation source source ... --Sankei News,0.1,positive,2022-10-29
49,【論点直言 自然災害への備えは】減災へ先読み情報活用を 土木研究 ... - 産経ニュース,【論点直言 自然災害への備えは】減災へ先読み情報活用を 土木研究 ...  産経ニュース,"Sat, 29 Oct 2022 07:00:00 GMT",https://www.sankei.com/article/20221029-HSNPXYFHHNPZFMKHAVE2BZPBGY/,"{'href': 'https://www.sankei.com', 'title': '産経ニュース'}",[Points directly speaking for natural disasters] Civil Engineering research on the use of look -ahead information to decline ... --Sankei News,0.1,positive,2022-10-29
73,内閣府 防災白書：頻発化・甚大化する自然災害に新たな取り組み ... - Housing Tribune Online,内閣府 防災白書：頻発化・甚大化する自然災害に新たな取り組み ...  Housing Tribune Online,"Wed, 19 Oct 2022 07:00:00 GMT",https://htonline.sohjusha.co.jp/649-014/,"{'href': 'https://htonline.sohjusha.co.jp', 'title': 'Housing Tribune Online'}",Cabinet Office Disaster Prevention White Paper: New Efforts for Natural Disasters that are frequent and enhanced ... - Houseing Tribune Online,0.08409090909090909,positive,2022-10-19
64,【新大WeeK】防災講演会「最近の自然災害から学ぶこと」 | 講演会等 ... - 新潟大学,【新大WeeK】防災講演会「最近の自然災害から学ぶこと」 | 講演会等 ...  新潟大学,"Sat, 15 Oct 2022 07:00:00 GMT",https://www.niigata-u.ac.jp/news/event/2022/244696/,"{'href': 'https://www.niigata-u.ac.jp', 'title': '新潟大学'}","[Shinkai WEEK] Disaster prevention lecture ""Learning from recent natural disasters"" | Lecture, etc. ... - Niigata University",0.05,positive,2022-10-15
68,Travel Journal Online: 自然災害時の判断 - トラベルジャーナル,Travel Journal Online: 自然災害時の判断  トラベルジャーナル,"Mon, 10 Oct 2022 07:00:00 GMT",https://www.tjnet.co.jp/2022/10/10/%E8%87%AA%E7%84%B6%E7%81%BD%E5%AE%B3%E6%99%82%E3%81%AE%E5%88%A4%E6%96%AD/,"{'href': 'https://www.tjnet.co.jp', 'title': 'トラベルジャーナル'}",Travel Journal Online: Judgment in the event of a natural disaster -Travel journal,0.1,positive,2022-10-10
67,自然災害による損失額は増加しているか？ - キヤノングローバル戦略研究所,自然災害による損失額は増加しているか？  キヤノングローバル戦略研究所,"Wed, 28 Sep 2022 07:00:00 GMT",https://cigs.canon/article/20220928_6998.html,"{'href': 'https://cigs.canon', 'title': 'キヤノングローバル戦略研究所'}",Is the amount of loss due to natural disasters increasing? -Kyannong global Strategy Research Institute,-0.008333333333333331,negative,2022-09-28
69,台風等自然災害発生に備えたお客さまへのお願い | お知らせ・報道発表 ... - ntt-east.co.jp,台風等自然災害発生に備えたお客さまへのお願い | お知らせ・報道発表 ...  ntt-east.co.jp,"Fri, 16 Sep 2022 07:00:00 GMT",https://www.ntt-east.co.jp/info/detail/220916_01.html,"{'href': 'https://www.ntt-east.co.jp', 'title': 'ntt-east.co.jp'}",Requests to customers in preparation for natural disasters such as typhoons | Notice / news announcement ... --Ntt-East.co.jp,0.05,positive,2022-09-16
55,【備えのツボ】頻発する自然災害 「活用！防災サイト」 日々の備えに【岡山 ... - OHK 岡山放送,【備えのツボ】頻発する自然災害 「活用！防災サイト」 日々の備えに【岡山 ...  OHK 岡山放送,"Thu, 15 Sep 2022 07:00:00 GMT",https://www.ohk.co.jp/data/26-20220915-00000015/pages/,"{'href': 'https://www.ohk.co.jp', 'title': 'OHK 岡山放送'}","[Preparatory points] Frequent natural disaster ""Utilization! Disaster prevention site"" For daily preparation [Okayama ... --OHK Okayama Broadcasting",0.075,positive,2022-09-15
60,足利で自然災害学ぶ企画展 カスリーン台風から75年きっかけに企画 - 足利経済新聞,足利で自然災害学ぶ企画展 カスリーン台風から75年きっかけに企画  足利経済新聞,"Wed, 07 Sep 2022 07:00:00 GMT",https://ashikaga.keizai.biz/headline/884/,"{'href': 'https://ashikaga.keizai.biz', 'title': '足利経済新聞'}",Planning for 75 years since the Kasley Typhoon in Ashikaga -Ashikaga Economic Shimbun,0.2,positive,2022-09-07
66,とやまゼミナール／自然災害に備える（５）｜北日本新聞ウェブ ... - 北日本新聞社 webun,とやまゼミナール／自然災害に備える（５）｜北日本新聞ウェブ ...  北日本新聞社 webun,"Tue, 06 Sep 2022 07:00:00 GMT",https://webun.jp/item/7879558,"{'href': 'https://webun.jp', 'title': '北日本新聞社 webun'}",Toyama Seminar / Preparing for Natural Disasters (5),0.1,positive,2022-09-06
72,危険な自然災害から《スマホ》で身を守る方法！ - 日本テレビ,危険な自然災害から《スマホ》で身を守る方法！  日本テレビ,"Sat, 03 Sep 2022 07:00:00 GMT",https://www.ntv.co.jp/sekaju/articles/428y94g3rzf9mgl7vzw.html,"{'href': 'https://www.ntv.co.jp', 'title': '日本テレビ'}",How to protect yourself from a dangerous natural disaster with a smartphone! -NTV,-0.2375,negative,2022-09-03
50,5G活用の大規模自然災害対策プロジェクトを中国全土へ展開 ... - ITpro,5G活用の大規模自然災害対策プロジェクトを中国全土へ展開 ...  ITpro,"Thu, 01 Sep 2022 07:00:00 GMT",https://xtech.nikkei.com/atcl/nxt/news/18/13597/,"{'href': 'https://xtech.nikkei.com', 'title': 'ITpro'}",Large -scale natural disaster countermeasures projects that use 5G are deployed throughout China ... --ITPRO,0.15714285714285714,positive,2022-09-01
70,多発する大雨・土砂災害に備える 「防災の日」に考える自然災害対策 - Impress Watch,多発する大雨・土砂災害に備える 「防災の日」に考える自然災害対策  Impress Watch,"Thu, 01 Sep 2022 07:00:00 GMT",https://www.watch.impress.co.jp/docs/topic/1435721.html,"{'href': 'https://www.watch.impress.co.jp', 'title': 'Impress Watch'}","Natural disaster countermeasures for ""disaster prevention days"" in preparing for heavy rain and sediment -related disasters --Impress Watch",-0.03333333333333333,negative,2022-09-01
46,大津市の自然災害伝承碑について／大津市 - otsu.lg.jp,大津市の自然災害伝承碑について／大津市  otsu.lg.jp,"Thu, 01 Sep 2022 07:00:00 GMT",https://www.city.otsu.lg.jp/soshiki/005/1223/g/bosai/rireki/50940.html,"{'href': 'https://www.city.otsu.lg.jp', 'title': 'otsu.lg.jp'}",About Otsu City Natural Disaster Tradition Monument / Otsu City --Otsu.lg.jp,0.1,positive,2022-09-01
65,日本全国で6割を超える世帯において自然災害リスク×火災保険補償 ... - PR TIMES,日本全国で6割を超える世帯において自然災害リスク×火災保険補償 ...  PR TIMES,"Thu, 01 Sep 2022 07:00:00 GMT",https://prtimes.jp/main/html/rd/p/000000015.000063966.html,"{'href': 'https://prtimes.jp', 'title': 'PR TIMES'}",Natural disaster risk x fire insurance compensation in more than 60 % of households throughout Japan ... --PR TIMES,0.3,positive,2022-09-01
52,列車の運休・遅れ、２５年で倍以上に 背景に自然災害の激甚化 - 産経ニュース,列車の運休・遅れ、２５年で倍以上に 背景に自然災害の激甚化  産経ニュース,"Sat, 27 Aug 2022 07:00:00 GMT",https://www.sankei.com/article/20220827-7NSGHWBJ6RNCLL2WQCFQUJNGR4/,"{'href': 'https://www.sankei.com', 'title': '産経ニュース'}","Train suspension / delay, more than twice in the background in 25 years, natural disasters -Sankei News",0.3,positive,2022-08-27
56,こんなはずじゃなかった！田舎移住で後悔した自然災害編 - Glocal Mission Times,こんなはずじゃなかった！田舎移住で後悔した自然災害編  Glocal Mission Times,"Thu, 25 Aug 2022 07:00:00 GMT",https://www.glocaltimes.jp/9536,"{'href': 'https://www.glocaltimes.jp', 'title': 'Glocal Mission Times'}",it was not supposed to be like this! Natural disasters regretted by immigration in the country -Glocal Mission Times,0.1,positive,2022-08-25
62,「自然災害」(1) 近年の風水害による人的被害の特徴 牛山素行・静岡大学 ... - 日本記者クラブ,「自然災害」(1) 近年の風水害による人的被害の特徴 牛山素行・静岡大学 ...  日本記者クラブ,"Wed, 24 Aug 2022 07:00:00 GMT",https://www.jnpc.or.jp/archive/conferences/36375/report,"{'href': 'https://www.jnpc.or.jp', 'title': '日本記者クラブ'}","""Natural disaster"" (1) Features of human damage due to feng shui damage in recent years",-0.006249999999999999,negative,2022-08-24
61,自然災害に対する家庭内の備え「できていない」は45％ 防災対策を ... - PR TIMES,自然災害に対する家庭内の備え「できていない」は45％ 防災対策を ...  PR TIMES,"Mon, 08 Aug 2022 07:00:00 GMT",https://prtimes.jp/main/html/rd/p/000000343.000004729.html,"{'href': 'https://prtimes.jp', 'title': 'PR TIMES'}","At home for natural disasters, ""not done"" is 45 % disaster prevention measures ... --PR TIMES",0.1,positive,2022-08-08
58,自然災害に対して不安を感じている人は半数 「家族・知人の安否 ... - PR TIMES,自然災害に対して不安を感じている人は半数 「家族・知人の安否 ...  PR TIMES,"Tue, 02 Aug 2022 07:00:00 GMT",https://prtimes.jp/main/html/rd/p/000000340.000004729.html,"{'href': 'https://prtimes.jp', 'title': 'PR TIMES'}","Half of those who are worried about natural disasters ""Family and acquaintances' safety ... --PR TIMES",-0.033333333333333326,negative,2022-08-02
48,米国各地で自然災害 南部洪水25人死亡、ラスベガス豪雨（写真=AP） - 日本経済新聞,米国各地で自然災害 南部洪水25人死亡、ラスベガス豪雨（写真=AP）  日本経済新聞,"Sun, 31 Jul 2022 07:00:00 GMT",https://www.nikkei.com/article/DGXZQOCB304AK0Q2A730C2000000/,"{'href': 'https://www.nikkei.com', 'title': '日本経済新聞'}","Natural Disaster Southern Flood in various parts of the United States, 25 people died in Las Vegas (Photo = AP) --Nihon Keizai Shimbun",0.03333333333333333,positive,2022-07-31
54,住民を自然災害から守るため、全国規模で見直されている防災服 - 自治体通信オンライン,住民を自然災害から守るため、全国規模で見直されている防災服  自治体通信オンライン,"Fri, 08 Jul 2022 07:00:00 GMT",https://www.jt-tsushin.jp/interview/jt40_mizuno/,"{'href': 'https://www.jt-tsushin.jp', 'title': '自治体通信オンライン'}",Disaster prevention clothing that has been reviewed nationwide to protect inhabitants from natural disasters -local government communication online,0.05,positive,2022-07-08
53,＜自然災害に関する調査結果＞自然災害への備えに９割が関心あり ... - PR TIMES,＜自然災害に関する調査結果＞自然災害への備えに９割が関心あり ...  PR TIMES,"Thu, 30 Jun 2022 07:00:00 GMT",https://prtimes.jp/main/html/rd/p/000000013.000090956.html,"{'href': 'https://prtimes.jp', 'title': 'PR TIMES'}",<Survey results on natural disasters> 90 % are interested in preparing for natural disasters ... --PR TIMES,0.15,positive,2022-06-30
71,自然災害による再エネ発電設備の事故防止及び安全確保について（METI - 経済産業省,自然災害による再エネ発電設備の事故防止及び安全確保について（METI  経済産業省,"Tue, 07 Jun 2022 07:00:00 GMT",https://www.meti.go.jp/policy/safety_security/industrial_safety/oshirase/2022/06/20220607-2.html,"{'href': 'https://www.meti.go.jp', 'title': '経済産業省'}","Regarding accidents of renewable energy power generation equipment due to natural disasters and safety (METI -Ministry of Economy, Trade and Industry)",-0.012499999999999997,negative,2022-06-07
57,焦点：自然災害相次ぐ豪州、総選挙は対策訴える無所属候補が ... - ロイター (Reuters Japan),焦点：自然災害相次ぐ豪州、総選挙は対策訴える無所属候補が ...  ロイター (Reuters Japan),"Thu, 19 May 2022 07:00:00 GMT",https://jp.reuters.com/article/australia-election-climate-idJPKCN2N5065,"{'href': 'https://jp.reuters.com', 'title': 'ロイター (Reuters Japan)'}","Focus: Australia, which is a series of natural disasters, an independent candidate to appeal for measures ... -Reuters Japan (REUTERS JAPAN)",0.05,positive,2022-05-19
59,アングル：世界の自然災害1日1.5回に、国連警鐘「自己破壊の連鎖」 - ロイター (Reuters Japan),アングル：世界の自然災害1日1.5回に、国連警鐘「自己破壊の連鎖」  ロイター (Reuters Japan),"Sun, 01 May 2022 07:00:00 GMT",https://jp.reuters.com/article/un-disasters-humanity-idJPKCN2MI0HK,"{'href': 'https://jp.reuters.com', 'title': 'ロイター (Reuters Japan)'}","Angle: 1.5 times a day, the United Nations Police Bell ""Chain of Self -Destruction"" -Reuters Japan (REUTERS JAPAN)",0.0,neutral,2022-05-01
75,自然災害や世界の終わりをテーマにした、観ておくべきおすすめの ... - Esquire（エスクァイア 日本版）,自然災害や世界の終わりをテーマにした、観ておくべきおすすめの ...  Esquire（エスクァイア 日本版）,"Fri, 01 Apr 2022 07:00:00 GMT",https://www.esquire.com/jp/entertainment/movies/g39579170/best-natural-disaster-movies/,"{'href': 'https://www.esquire.com', 'title': 'Esquire（エスクァイア 日本版）'}",Recommended to watch with the theme of natural disasters and the end of the world ... --Esquire (Esquire Japanese version),0.05,positive,2022-04-01
